id,does_this_article_describe_gun_violence,does_this_article_describe_gun_violence:confidence,url
882096234,no_it_doesnt_describe_gun_violence,1,http://www.ammoland.com/2014/07/top-five-targets-for-shooting-fun/
882095983,no_it_doesnt_describe_gun_violence,1,http://timesofindia.indiatimes.com/city/vadodara/Car-crushed-under-tanker-near-Tarapur-two-killed/articleshow/50955888.cms
882096267,no_it_doesnt_describe_gun_violence,0.507,http://www.dailykos.com/story/2014/6/20/1308465/-New-Study-Ranks-50-States-By-Gun-Sense-And-Gun-Violence-Deaths
882096405,no_it_doesnt_describe_gun_violence,0.507,http://timesofindia.indiatimes.com/city/lucknow/Lawyer-leader-barred-from-entering-UP-courts-for-brandishing-gun-says-he-did-it-in-self-defence/articleshow/50953496.cms
882096125,no_it_doesnt_describe_gun_violence,0.5116,http://abovethelaw.com/2015/12/a-proposal-to-do-something-about-mass-shootings/
882096313,no_it_doesnt_describe_gun_violence,0.5116,http://theconversation.com/six-things-americans-should-know-about-mass-shootings-48934
882096139,no_it_doesnt_describe_gun_violence,0.5116,http://maritime-executive.com/article/dockworker-killed-in-accident
882096073,no_it_doesnt_describe_gun_violence,0.5147,http://www.browndailyherald.com/2013/02/07/gun-violence-scholars-face-data-funding-barriers/
882096019,no_it_doesnt_describe_gun_violence,0.5147,http://www.wpxi.com/news/news/local/21-people-facing-drug-gun-charges-after-fugitive-r/nqNx9/
882096224,no_it_doesnt_describe_gun_violence,0.5147,http://gazette.com/california-bill-would-create-gun-violence-research-center/article/feed/316117
882096136,no_it_doesnt_describe_gun_violence,0.5147,http://patch.com/new-jersey/maplewood/elderly-essex-county-man-murdered-his-home-prosecutor-0
882096140,no_it_doesnt_describe_gun_violence,0.5154,http://leadercall.com/2016/02/fargo-police-say-officer-shot-during-standoff-wont-survive/
882096059,no_it_doesnt_describe_gun_violence,0.5154,http://wonkette.com/594479/mass-shootings-hardly-a-problem-at-all-except-every-week
882096374,no_it_doesnt_describe_gun_violence,0.5154,http://www.cnn.com/2012/07/31/politics/gun-ownership-declining/index.html
882096273,no_it_doesnt_describe_gun_violence,0.5154,http://www.toledoblade.com/Police-Fire/2016/02/11/Man-accidentally-shoots-self-in-West-Toledo.html
882096249,no_it_doesnt_describe_gun_violence,0.5154,http://www.breitbart.com/big-journalism/2015/12/04/mother-jones-left-claims-355-mass-shootings-2015-actual-number-4/
882096372,no_it_doesnt_describe_gun_violence,0.5168,http://theconversation.com/hard-evidence-does-gun-control-work-18374
882096086,no_it_doesnt_describe_gun_violence,0.5168,http://thinkprogress.org/justice/2015/07/24/3684114/louisiana-lax-gun-laws/
882096215,no_it_doesnt_describe_gun_violence,0.5185,http://www.capitalgazette.com/ct-nra-ted-nugent-20160210-story.html
882096172,no_it_doesnt_describe_gun_violence,0.5185,http://connecticut.news12.com/news/police-woman-has-violent-rampage-while-driving-1.11145723
882096455,no_it_doesnt_describe_gun_violence,0.52,http://www.chron.com/news/houston-texas/article/Stolen-guns-nuture-deadly-violence-3868619.php
882096408,no_it_doesnt_describe_gun_violence,0.52,http://qctimes.com/news/opinion/mass-shootings-why-more-than-one-per-day/article_aaedadef-3f72-5a01-8038-634651c49946.html
882096312,no_it_doesnt_describe_gun_violence,0.52,http://www.csmonitor.com/USA/Society/2013/0508/With-gun-violence-down-is-America-arming-against-an-imagined-threat-video
882096451,no_it_doesnt_describe_gun_violence,0.52,http://www.chicagotribune.com/news/opinion/commentary/ct-gun-violence-shootings-disease-perspec-1021-20151020-story.html
882096080,no_it_doesnt_describe_gun_violence,0.5217,http://www.11alive.com/story/news/local/stone-mountain-lithonia/2016/02/08/injuries-life-threatening-after-lithonia-bar-shooting/79994952/
882096031,no_it_doesnt_describe_gun_violence,0.5217,http://www.13wmaz.com/story/news/local/macon/2016/02/09/bibb-deputies-respond-to-reported-shooting/80095288/
882096419,no_it_doesnt_describe_gun_violence,0.5217,http://medicalxpress.com/news/2015-12-debunking-myths-gun-violence-mental.html
882096023,no_it_doesnt_describe_gun_violence,0.5217,http://usatoday30.usatoday.com/news/nation/story/2012-08-06/gun-safety-classes-attendance/56832968/1
882096386,no_it_doesnt_describe_gun_violence,0.5217,http://www.azcentral.com/story/sports/nfl/2016/02/11/josh-morgan-gun/80223146/
882096464,no_it_doesnt_describe_gun_violence,0.5217,http://www.counterpunch.org/2015/10/16/guns-in-america-a-public-health-crisis/
882096489,no_it_doesnt_describe_gun_violence,0.5217,http://marylandreporter.com/2016/02/10/democrats-introduce-more-gun-safety-legislation/
882096016,no_it_doesnt_describe_gun_violence,0.5232,http://www.breitbart.com/big-journalism/2015/08/03/cnns-fareed-zakaria-one-mass-shooting-every-day-almost-literally-true/
882096063,no_it_doesnt_describe_gun_violence,0.5232,http://personalliberty.com/mass-shooting-survivor-advice-clinton-gun-control/
882096127,no_it_doesnt_describe_gun_violence,0.527,http://content.govdelivery.com/accounts/LANOLA/bulletins/13585d2
882096486,no_it_doesnt_describe_gun_violence,0.527,http://phys.org/news/2015-09-criminals-guns-social.html
882096299,no_it_doesnt_describe_gun_violence,0.527,http://www.canada.com/news/national/land+responsible+nuts+rifle+loving+canada+avoids+levels+violence/11713708/story.html
882096487,no_it_doesnt_describe_gun_violence,0.5333,http://www.pbs.org/wgbh/frontline/article/how-the-gun-rights-lobby-won-after-newtown/
882096236,no_it_doesnt_describe_gun_violence,0.5333,http://www.alternet.org/civil-liberties/under-reported-truth-behind-most-mass-shootings
882096089,no_it_doesnt_describe_gun_violence,0.5364,http://health.usnews.com/health-news/articles/2015/08/23/one-third-of-mass-shootings-worldwide-occur-in-us
882096488,no_it_doesnt_describe_gun_violence,0.5364,http://ncronline.org/news/people/effort-aims-curb-gun-deaths
882096231,no_it_doesnt_describe_gun_violence,0.5364,http://us.cnn.com/2016/01/25/health/gun-violence-mental-health-issue/index.html
882096481,no_it_doesnt_describe_gun_violence,0.5364,http://gawker.com/you-will-not-die-in-a-mass-shooting-1746158444
882096229,no_it_doesnt_describe_gun_violence,0.5364,http://www.northjersey.com/news/police-are-investigating-gunfire-in-passaic-that-shot-out-window-of-car-1.1508007
882096411,no_it_doesnt_describe_gun_violence,0.5364,http://friscoblog.dallasnews.com/2013/12/frisco-gun-club-employee-injured-on-shooting-range.html/
882096377,no_it_doesnt_describe_gun_violence,0.5364,http://www.nbcchicago.com/news/local/3-Edge-Weapons-Used-in-Family-Massacre-368441491.html
882096012,no_it_doesnt_describe_gun_violence,0.5364,http://www.wisconsinrapidstribune.com/story/news/2016/02/10/police-man-pulled-gun-during-fight/80179228/
882096493,no_it_doesnt_describe_gun_violence,0.5385,http://legalinsurrection.com/2014/01/florida-warning-shot-bill-advances/
882096060,no_it_doesnt_describe_gun_violence,0.5385,http://www.voanews.com/content/us-gun-activists-target-states-for-changes/3161849.html
882096277,no_it_doesnt_describe_gun_violence,0.5437,http://legalinsurrection.com/2014/08/american-bar-assoc-ups-ante-on-preventing-gun-violence/
882096363,no_it_doesnt_describe_gun_violence,0.56,http://abcnews.go.com/blogs/headlines/2011/12/black-friday-best-seller-guns/
882096401,no_it_doesnt_describe_gun_violence,0.56,http://www.cbsnews.com/news/should-gun-violence-be-treated-as-a-public-health-issue/
882096471,no_it_doesnt_describe_gun_violence,0.56,http://usatoday30.usatoday.com/news/nation/story/2012-08-06/gun-safety-classes-attendance/56832968/1
882096132,no_it_doesnt_describe_gun_violence,0.56,http://www.alternet.org/news-amp-politics/mans-worst-enemy-6-negligent-gun-owners-who-were-shot-their-own-dogs
882096321,no_it_doesnt_describe_gun_violence,0.56,http://www.aboutlawsuits.com/gun-lawsuit-immunity-bill-94594/
882096289,no_it_doesnt_describe_gun_violence,0.5789,http://news.vanderbilt.edu/2014/12/mental-illness-wrong-scapegoat-shootings/
882096105,no_it_doesnt_describe_gun_violence,1,http://hosted.ap.org/dynamic/stories/W/WA_CLEAN_AND_SOBER_DRUG_CHARGES_WAOL-?SITE=PAREA&SECTION=HOME&TEMPLATE=DEFAULT
882096106,no_it_doesnt_describe_gun_violence,1,http://archive.kare11.com/news/article/984240/14/Minnesota-gun-laws-a-mystery-to-many
882096096,no_it_doesnt_describe_gun_violence,1,http://solonews.net/167316/news/mass-has-fewer-domestic-shootings-compared-with-other-states.html
882096113,no_it_doesnt_describe_gun_violence,1,http://tasteofcountry.com/gun-songs/
882096116,no_it_doesnt_describe_gun_violence,1,http://www.stjoechannel.com/news/local-news/superintendent-responds-after-gun-brought-to-school
882096120,no_it_doesnt_describe_gun_violence,1,http://timesofindia.indiatimes.com/city/kolhapur/Police-raid-illegal-gambling-centre-arrest-six/articleshow/50956447.cms
882096122,no_it_doesnt_describe_gun_violence,1,http://www.beaumontenterprise.com/news/nation-world/article/19-things-you-didn-t-know-about-the-way-women-6824394.php
882096094,no_it_doesnt_describe_gun_violence,1,http://psychcentral.com/news/2013/05/08/is-there-a-link-between-domestic-violence-depression/54596.html
882096092,no_it_doesnt_describe_gun_violence,1,http://www.statesman.com/news/news/local/police-bastrop-county-man-wanted-for-possession-of/nqNrN/
882096130,no_it_doesnt_describe_gun_violence,1,http://www.tulsaworld.com/homepagelatest/woman-bound-with-duct-tape-left-in-closet-during-south/article_a027f4dd-baea-5578-a28d-4df1240bb745.html
882096133,no_it_doesnt_describe_gun_violence,1,http://www.bigcountryhomepage.com/news/18-year-old-murdered-in-lubbock-county
882096134,no_it_doesnt_describe_gun_violence,1,http://www.cato.org/publications/commentary/facts-about-gun-shows
882096138,no_it_doesnt_describe_gun_violence,1,http://www.usatoday.com/story/news/nation/2014/01/30/colorado-gun-laws-enforcement/5055523/
882096082,no_it_doesnt_describe_gun_violence,1,http://www.scientificamerican.com/report/the-science-of-gun-violence-and-gun-control-in-the-u-s/
882096143,no_it_doesnt_describe_gun_violence,1,http://timesofindia.indiatimes.com/city/rajkot/String-of-accidents-kill-15-in-Saurashtra/articleshow/50956522.cms
882096144,no_it_doesnt_describe_gun_violence,1,http://www.cbsnews.com/videos/smart-guns/
882096147,no_it_doesnt_describe_gun_violence,1,http://www.factcheck.org/2013/01/factchecking-gop-response-to-obama-gun-plan/
882096153,no_it_doesnt_describe_gun_violence,1,http://www.wsj.com/articles/SB10001424127887324081704578234010962821032
882096079,no_it_doesnt_describe_gun_violence,1,http://www.13newsnow.com/story/news/local/mycity/newport-news/2016/02/11/newport-news-police-arrest-24-part-national-prostitution-sting/80240130/
882096156,no_it_doesnt_describe_gun_violence,1,http://sandiegofreepress.org/2013/01/some-factual-gun-statistics-part-2-of-a-cultural-comparison-gun-violence-in-the-us-and-europe/
882096157,no_it_doesnt_describe_gun_violence,1,http://m.wsbtv.com/news/ap/us/the-latest-2nd-va-tech-student-charged-in-death-of/nqGX2/
882096158,no_it_doesnt_describe_gun_violence,1,http://hotair.com/headlines/archives/2016/02/11/rubio-has-a-better-shot-at-the-gop-nomination-than-bernie-sanders-has-in-the-democratic-party/
882096160,no_it_doesnt_describe_gun_violence,1,http://comicsalliance.com/batman-guns-gun-culture/
882096162,no_it_doesnt_describe_gun_violence,1,http://www.ammoland.com/2015/08/mass-shootings-rare-government-study-says/
882096078,no_it_doesnt_describe_gun_violence,1,http://personalliberty.com/do-you-play-with-your-gun/
882096164,no_it_doesnt_describe_gun_violence,1,http://spectator.org/articles/34048/do-gun-control-laws-control-guns
882096166,no_it_doesnt_describe_gun_violence,1,http://nooga.com/166996/how-many-shootings-is-too-many/
882096167,no_it_doesnt_describe_gun_violence,1,http://timesofindia.indiatimes.com/india/Elephant-goes-on-rampage-in-Siliguri-smashes-cars-homes/articleshow/50932601.cms
882096169,no_it_doesnt_describe_gun_violence,1,http://theboot.com/luke-bryan-2016-kill-the-lights-tour/
882096171,no_it_doesnt_describe_gun_violence,1,http://www.somdnews.com/independent/news/local/maryland-democrats-introduce-gun-safety-legislation/article_518c22c4-880a-55c7-ba1d-79cd408ba0b9.html
882096077,no_it_doesnt_describe_gun_violence,1,http://www.columbiatribune.com/news/crime/police-arrest-four-after-house-search/article_c6f27408-2717-55c2-961c-c7fd77b9afba.html
882096177,no_it_doesnt_describe_gun_violence,1,http://www.mercurynews.com/crime-courts/ci_28317648/gun-rights-california-court-hear-another-showdown
882096178,no_it_doesnt_describe_gun_violence,1,http://bearingarms.com/top-6-pocket-guns/
882096180,no_it_doesnt_describe_gun_violence,1,http://www.centralmaine.com/2015/10/08/augusta-councilors-favor-selling-forfeited-guns/
882096185,no_it_doesnt_describe_gun_violence,1,http://augustafreepress.com/ken-plum-debatable-gun-safety-deal/
882096195,no_it_doesnt_describe_gun_violence,1,http://www.courant.com/politics/hc-guns-restraining-orders-20150130-story.html
882096197,no_it_doesnt_describe_gun_violence,1,http://thegunwriter.blogs.heraldtribune.com/18018/poll-gun-violence-is-a-crime-not-an-issue-for-the-cdc/
882096198,no_it_doesnt_describe_gun_violence,1,http://www.computerworld.com/article/3013783/emerging-technology/technology-can-reduce-gun-violence.html
882096070,no_it_doesnt_describe_gun_violence,1,http://www.businessinsider.com/us-gun-manufacturing-atf-report-2015-7
882096201,no_it_doesnt_describe_gun_violence,1,http://mashable.com/2014/07/17/malaysia-9th-flight-shot-down/
882096206,no_it_doesnt_describe_gun_violence,1,http://www.cincinnati.com/story/news/2016/01/25/shootings-aside-crime-drops-cincy-2015/79291022/
882096211,no_it_doesnt_describe_gun_violence,1,http://www.bloomberg.com/bw/articles/2014-05-15/guns-allowed-all-over-except-near-politicians
882096214,no_it_doesnt_describe_gun_violence,1,http://www.cato.org/publications/commentary/facts-about-gun-shows
882096218,no_it_doesnt_describe_gun_violence,1,http://www.delmarvanow.com/story/opinion/2016/02/12/even-gun-owners-favor-stricter-regulations/80254824/
882096219,no_it_doesnt_describe_gun_violence,1,http://articles.chicagotribune.com/2014-01-12/site/ct-chicago-gun-store-history-met-20140112_1_gun-control-debate-gun-shop-illinois-state-rifle-association
882096230,no_it_doesnt_describe_gun_violence,1,http://www.cbsnews.com/news/obama-sets-up-gun-violence-task-force/
882096232,no_it_doesnt_describe_gun_violence,1,http://www.futurity.org/gun-control-america-1085402-2/
882096061,no_it_doesnt_describe_gun_violence,0.507,http://www.ammoland.com/2015/08/gun-violence-do-something/
882096240,no_it_doesnt_describe_gun_violence,1,http://www.dailyfinance.com/2015/02/06/guns-more-popular/
882096241,no_it_doesnt_describe_gun_violence,1,http://sandiegofreepress.org/2013/01/some-factual-gun-statistics-part-2-of-a-cultural-comparison-gun-violence-in-the-us-and-europe/
882096246,no_it_doesnt_describe_gun_violence,1,http://www.clickondetroit.com/news/person-stabbed-at-gm-tech-center-in-warren
882096057,no_it_doesnt_describe_gun_violence,1,http://www.christianitytoday.com/women/2013/january/why-all-christians-can-back-better-gun-control.html
882096251,no_it_doesnt_describe_gun_violence,1,http://www.jpost.com/National-News/Israeli-gun-control-regulations-opposite-of-US
882096252,no_it_doesnt_describe_gun_violence,1,http://www.roanoke.com/news/politics/gun-show-loophole-discussion-takes-place-amid-rise-in-arrests/article_911548a2-20b2-541b-b8b1-62c483294f0c.html
882096253,no_it_doesnt_describe_gun_violence,1,http://wtop.com/fairfax-county/2016/01/virginia-gun-show-attendees-no-fans-of-president-obama-or-his-policies/
882096056,no_it_doesnt_describe_gun_violence,1,http://www.philstar.com/cebu-news/2016/02/12/1552264/guard-suspended-man-seized-gun-qimonda-charged
882096258,no_it_doesnt_describe_gun_violence,1,http://theweek.com/articles/469405/what-gun-control-cant
882096260,no_it_doesnt_describe_gun_violence,1,http://www.businessinsider.com/gun-violence-costs-america-more-than-229-billion-every-year-2015-4
882096262,no_it_doesnt_describe_gun_violence,1,http://articles.chicagotribune.com/2014-01-12/site/ct-chicago-gun-store-history-met-20140112_1_gun-control-debate-gun-shop-illinois-state-rifle-association
882096265,no_it_doesnt_describe_gun_violence,1,http://archive.kare11.com/news/article/984240/14/Minnesota-gun-laws-a-mystery-to-many
882096268,no_it_doesnt_describe_gun_violence,1,http://dailycaller.com/2015/11/16/gun-test-armalite-m-15-3-gun-rifle/
882096269,no_it_doesnt_describe_gun_violence,1,http://townhall.com/columnists/donaldlambro/2016/02/12/progrowth-legislation-awaits-a-republican-president-n2118149
882096270,no_it_doesnt_describe_gun_violence,1,http://www.delmarvanow.com/story/opinion/2016/02/12/even-gun-owners-favor-stricter-regulations/80254824/
882096052,no_it_doesnt_describe_gun_violence,1,http://blogs.christianpost.com/friday-tidings/girls-just-wanna-have-guns-24764/
882096275,no_it_doesnt_describe_gun_violence,1,http://www.buzzle.com/articles/tetanus-shot-side-effects.html
882096276,no_it_doesnt_describe_gun_violence,1,http://theconversation.com/hard-evidence-does-gun-control-work-18374
882096051,no_it_doesnt_describe_gun_violence,1,http://newsdemocrat.com/news/2589/police-standoff-ends-with-arrest-of-suspect
882096278,no_it_doesnt_describe_gun_violence,1,http://www.realclearpolitics.com/articles/2015/10/13/the_gun_control_farce_128394.html#!
882096048,no_it_doesnt_describe_gun_violence,1,http://www.westernjournalism.com/gun-control-actually-increases-gun-violence/
882096285,no_it_doesnt_describe_gun_violence,1,http://kokomoperspective.com/kp/gun-bills-won-t-get-a-hearing/article_47934780-a01d-11e4-b63a-8b09e1d6ade3.html
882096286,no_it_doesnt_describe_gun_violence,1,http://vitals.nbcnews.com/_news/2013/03/06/17213303-fewer-gun-deaths-in-states-with-most-gun-laws-study-finds?lite
882096047,no_it_doesnt_describe_gun_violence,1,http://www.syracuse.com/us-news/index.ssf/2016/02/ted_nugent_anti-semitic_facebook_nra_pressure.html
882096297,no_it_doesnt_describe_gun_violence,1,http://townhall.com/tipsheet/mattvespa/2016/02/11/shocker-californias-gun-confiscation-program-is-terribly-flawed-n2116987
882096298,no_it_doesnt_describe_gun_violence,1,http://www.globalresearch.ca/gun-violence-in-america/5315892
882096300,no_it_doesnt_describe_gun_violence,1,http://www.fastcodesign.com/3040772/exposure/the-gun-toting-ladies-of-texas-in-pictures
882096301,no_it_doesnt_describe_gun_violence,1,http://www.wnd.com/2015/08/gun-rights-defender-outsmarts-bureaucrats/
882096307,no_it_doesnt_describe_gun_violence,1,http://aptn.ca/news/2016/02/10/indigenous-woman-murdered-in-winnipeg-as-mmiw-inquiry-consultation-tour-touched-down/
882096311,no_it_doesnt_describe_gun_violence,1,http://www.azcentral.com/story/opinion/letters/2015/12/01/responsible-gun-owners-stop-gun-violence/76627744/
882096043,no_it_doesnt_describe_gun_violence,1,http://www.businessinsider.com/dirk-shot-2014-11
882096314,no_it_doesnt_describe_gun_violence,1,http://kstp.com/medical/sex-assault-victims-report-inconsistent-medical-exams/4045305/
882096316,no_it_doesnt_describe_gun_violence,1,http://ncronline.org/news/politics/research-ties-gun-violence-americas-anger-problem-easy-access-guns
882096317,no_it_doesnt_describe_gun_violence,1,http://usgovinfo.about.com/library/weekly/aa092699.htm
882096319,no_it_doesnt_describe_gun_violence,1,http://hotair.com/headlines/archives/2016/02/11/smart-guns-are-stupid-science/
882096041,no_it_doesnt_describe_gun_violence,1,http://www.nj.com/passaic-county/index.ssf/2016/02/search_warrant_leads_to_7_drug_arrests_in_paterson.html#incart_river_index
882096323,no_it_doesnt_describe_gun_violence,1,http://www.newyorker.com/news/news-desk/four-reasons-why-the-gun-control-bills-failed
882096324,no_it_doesnt_describe_gun_violence,1,http://bearingarms.com/professionals-dont-shoot-wound/
882096040,no_it_doesnt_describe_gun_violence,1,http://dirtmountainbike.com/news/red-bull-rampage-2014-kelly-mcgarrys-crash.html
882096329,no_it_doesnt_describe_gun_violence,1,http://madamenoire.com/583596/u-s-ranks-no-1-in-most-mass-shootings/
882096331,no_it_doesnt_describe_gun_violence,1,http://gawker.com/5968807/down-with-big-gun
882096038,no_it_doesnt_describe_gun_violence,1,http://www.csmonitor.com/USA/Education/2011/0408/Arizona-legislature-OKs-guns-on-campus
882096335,no_it_doesnt_describe_gun_violence,1,http://www.13abc.com/home/headlines/Shoot-or-dont-shoot-training-352189401.html
882096343,no_it_doesnt_describe_gun_violence,1,http://money.cnn.com/2014/01/29/technology/innovation/smart-gun/index.html
882096037,no_it_doesnt_describe_gun_violence,1,http://www.usnews.com/news/articles/2015/02/06/gun-control-advocates-new-bill-would-limit-gun-ammunition-devices
882096349,no_it_doesnt_describe_gun_violence,1,http://wtop.com/fairfax-county/2016/01/virginia-gun-show-attendees-no-fans-of-president-obama-or-his-policies/
882096350,no_it_doesnt_describe_gun_violence,1,http://money.cnn.com/2013/04/23/technology/smart-guns/index.html
882096351,no_it_doesnt_describe_gun_violence,1,http://blogs.wsj.com/indiarealtime/2016/02/11/incredible-pictures-of-elephant-rampage-in-west-bengal/
882096357,no_it_doesnt_describe_gun_violence,1,http://www.aberdeennews.com/news/politics/south-dakota-senate-panel-rejects-keystone-xl-legislation/article_4e8962cf-36ac-556f-9f19-601734d839d4.html
882096358,no_it_doesnt_describe_gun_violence,1,http://www.deseretnews.com/top/1429/0/10-states-with-the-most-lenient-gun-laws-.html
882096035,no_it_doesnt_describe_gun_violence,1,http://blogs.wsj.com/law/2012/11/08/stolen-guns-by-the-numbers/
882096362,no_it_doesnt_describe_gun_violence,1,http://www.dailykos.com/story/2014/6/20/1308465/-New-Study-Ranks-50-States-By-Gun-Sense-And-Gun-Violence-Deaths
882096364,no_it_doesnt_describe_gun_violence,1,http://mashable.com/2015/06/02/punt-gun/
882096365,no_it_doesnt_describe_gun_violence,1,http://blogs.lawyers.com/2013/01/no-background-check-at-gun-show/
882096366,no_it_doesnt_describe_gun_violence,1,http://www.ammoland.com/2015/05/2015-gun-facts-scorecard/
882096033,no_it_doesnt_describe_gun_violence,1,http://www.buzzle.com/articles/borax-to-kill-ants.html
882096030,no_it_doesnt_describe_gun_violence,1,http://www.boiseweekly.com/boise/how-much-could-obamas-gun-moves-affect-gun-violence/Content?oid=3689842
882096373,no_it_doesnt_describe_gun_violence,1,http://dailysignal.com/2016/02/10/mass-shooters-prefer-gun-free-zones/
882096376,no_it_doesnt_describe_gun_violence,1,http://www.cnn.com/2012/07/31/politics/gun-ownership-declining/index.html
882096378,no_it_doesnt_describe_gun_violence,1,http://abcnews.go.com/International/australia-model-successful-gun-control-laws/story?id=18007055
882096379,no_it_doesnt_describe_gun_violence,1,http://potomaclocal.com/2016/02/10/mother-son-held-gunpoint-home-invasion/?utm_source=feedburner&amp;utm_medium=feed&amp;utm_campaign=Feed%3A+PotomacLocal+%28PotomacLocal.com%29
882096380,no_it_doesnt_describe_gun_violence,1,http://www.azcentral.com/story/news/local/phoenix/2014/07/03/phoenix-couple-murdered-in-home-police-say-abrk/12156543/
882096381,no_it_doesnt_describe_gun_violence,1,http://www.al.com/news/index.ssf/2016/02/florence_cop_saves_stabbing_vi.html
882096383,no_it_doesnt_describe_gun_violence,1,http://www.clarionledger.com/story/news/2015/03/10/gun-fight-legislature/24733835/
882096384,no_it_doesnt_describe_gun_violence,1,http://enewspf.com/2016/02/11/senator-durbin-cosponsors-bipartisan-legislation-to-combat-gun-trafficking-and-straw-purchasing/
882096027,no_it_doesnt_describe_gun_violence,1,http://www.ammoland.com/2016/02/hillary-will-take-your-guns-part-ii/
882096391,no_it_doesnt_describe_gun_violence,1,http://www.govtech.com/public-safety/When-Will-We-Adopt-Smart-Gun-Technology.html
882096393,no_it_doesnt_describe_gun_violence,1,http://hotair.com/archives/2016/02/11/trump-tells-french-magazine-i-always-have-a-gun-on-me/
882096400,no_it_doesnt_describe_gun_violence,1,http://amarillo.com/opinion/editorial/2014-04-10/editorial-gun-control-out-control
882096024,no_it_doesnt_describe_gun_violence,1,http://townhall.com/tipsheet/mattvespa/2016/02/11/shocker-californias-gun-confiscation-program-is-terribly-flawed-n2116987
882096402,no_it_doesnt_describe_gun_violence,1,http://www.economist.com/blogs/lexington/2012/12/gun-control
882096404,no_it_doesnt_describe_gun_violence,1,http://usgovinfo.about.com/library/weekly/aa092699.htm
882096406,no_it_doesnt_describe_gun_violence,1,http://wamu.org/news/16/02/11/bill_under_consideration_would_ban_guns_on_all_public_universities_in_maryland
882096407,no_it_doesnt_describe_gun_violence,1,http://www.people-press.org/2012/12/14/public-attitudes-toward-gun-control/
882096414,no_it_doesnt_describe_gun_violence,1,http://www.cnbc.com/2015/11/13/how-gun-traffickers-get-around-state-gun-laws.html
882096416,no_it_doesnt_describe_gun_violence,1,http://deadspin.com/report-lesean-mccoy-arrest-warrant-impending-will-tur-1758461118
882096418,no_it_doesnt_describe_gun_violence,1,http://news.discovery.com/tech/biotechnology/biometric-gun-lock-has-fingerprint-scanner-140505.htm
882096420,no_it_doesnt_describe_gun_violence,1,http://timesofindia.indiatimes.com/world/pakistan/More-than-half-of-all-teenage-girls-in-Pakistan-believe-domestic-violence-is-justified-report-reveals/articleshow/50946971.cms
882096015,no_it_doesnt_describe_gun_violence,1,http://www.baltimoresun.com/news/maryland/crime/bs-md-bwi-gun-20160211-story.html
882096427,no_it_doesnt_describe_gun_violence,1,http://gawker.com/5968807/down-with-big-gun
882096428,no_it_doesnt_describe_gun_violence,1,http://www.chicagotribune.com/news/opinion/commentary/ct-responsible-gun-owner-who-destroyed-my-gun-20151019-story.html
882096431,no_it_doesnt_describe_gun_violence,1,http://wonkette.com/594758/make-america-great-again-mount-doom-but-for-guns
882096014,no_it_doesnt_describe_gun_violence,1,http://gazette.com/california-bill-would-create-gun-violence-research-center/article/feed/316117
882096434,no_it_doesnt_describe_gun_violence,1,http://politicalnews.me/?id=37423
882096436,no_it_doesnt_describe_gun_violence,1,http://www.buzzle.com/articles/television-violence-and-children.html
882096441,no_it_doesnt_describe_gun_violence,1,http://www.americanthinker.com/blog/2011/10/more_guns_fewer_murders.html
882096442,no_it_doesnt_describe_gun_violence,1,http://www.bloodyelbow.com/2012/9/2/3287111/ufc-video-jon-jones-vs-rampage-jackson-full-fight
882096444,no_it_doesnt_describe_gun_violence,1,http://jama.jamanetwork.com/article.aspx?articleID=2478216
882096011,no_it_doesnt_describe_gun_violence,1,http://theweek.com/articles/468161/why-more-guns-wont-make-safer
882096008,no_it_doesnt_describe_gun_violence,1,http://www.naturalnews.com/039264_gun_control_timeline_true_history.html
882096007,no_it_doesnt_describe_gun_violence,1,http://www.insurancejournal.com/news/national/2014/03/11/322807.htm
882096458,no_it_doesnt_describe_gun_violence,1,http://dailycaller.com/2015/11/16/gun-test-armalite-m-15-3-gun-rifle/
882096006,no_it_doesnt_describe_gun_violence,1,http://www.backstage.com/news/59-actors-who-have-been-law-order-special-victims-unit/
882096461,no_it_doesnt_describe_gun_violence,1,http://dailycaller.com/2011/12/01/ten-light-carry-guns/
882096005,no_it_doesnt_describe_gun_violence,1,http://money.cnn.com/2013/10/16/technology/mug-shot-websites/index.html
882096469,no_it_doesnt_describe_gun_violence,1,http://blog.sfgate.com/morford/2012/12/18/death-to-all-guns/
882096473,no_it_doesnt_describe_gun_violence,1,http://www.comingsoon.net/movies/news/609148-who-shot-first-han-shot-first-and-now-theres-proof#!
882096474,no_it_doesnt_describe_gun_violence,1,http://watchdog.org/164758/vermont-gun-control/
882096002,no_it_doesnt_describe_gun_violence,1,http://townhall.com/tipsheet/leahbarkoukis/2014/01/14/crime-study-no-increase-in-mass-shootings-no-epidemic-n1778891
882096477,no_it_doesnt_describe_gun_violence,1,http://reason.com/blog/2015/12/03/choose-your-own-mass-shooting-statistics
882096480,no_it_doesnt_describe_gun_violence,1,http://adage.com/article/media/guns-ammo-apologizes-editorial-gun-regulation/245159/
882096483,no_it_doesnt_describe_gun_violence,1,http://popherald.com/2016/02/11/over-500-arrested-in-super-bowl-weekend-trafficking-sting.html
882095999,no_it_doesnt_describe_gun_violence,1,http://tasteofcountry.com/gun-songs/
882096496,no_it_doesnt_describe_gun_violence,1,http://countytimes.com/articles/2016/02/11/news/doc56bd146bce6f0284199827.txt
882095992,no_it_doesnt_describe_gun_violence,1,http://freebeacon.com/issues/dc-gun-control-rally-lightly-attended/
882095990,no_it_doesnt_describe_gun_violence,1,http://blogs.lawyers.com/2013/01/no-background-check-at-gun-show/
882095987,no_it_doesnt_describe_gun_violence,1,http://www.ahealthiermichigan.org/2013/10/23/blue-care-network-is-making-it-easier-and-more-rewarding-to-get-your-flu-shot/
882095985,no_it_doesnt_describe_gun_violence,1,http://www.bbc.com/news/magazine-28958364
882096102,no_it_doesnt_describe_gun_violence,1,http://hotair.com/archives/2016/02/11/trump-tells-french-magazine-i-always-have-a-gun-on-me/
882096209,yes_this_describes_gun_violence,1,http://www.nbcphiladelphia.com/news/national-international/baby-shot-face-compton-hospital-holly-avenue-368263811.html
882096210,yes_this_describes_gun_violence,1,http://newsok.com/article/5478002
882096257,yes_this_describes_gun_violence,0.5,http://blogs.reuters.com/great-debate/2013/10/08/time-to-block-gun-violence-against-women/
882096212,yes_this_describes_gun_violence,1,http://www.tbo.com/news/crime/deputies-student-18-brings-loaded-gun-onto-hillsborough-school-bus-20160210/
882096213,yes_this_describes_gun_violence,1,http://www.yourerie.com/news/local-news/mother-who-lost-son-to-gun-violence-speaks-to-teeens
882096045,yes_this_describes_gun_violence,0.5652,http://www.arkcity.net/news/local_news/man-arrested-after-hold-up-at-cash-advance/article_055cf5b0-d144-11e5-aed5-9376009887aa.html
882096067,yes_this_describes_gun_violence,1,http://www.wpbf.com/news/police-investigate-deadly-overnight-shooting-in-fort-pierce/37938472
882096216,yes_this_describes_gun_violence,1,http://www.azcentral.com/story/news/local/phoenix/breaking/2016/02/11/phoenix-drive-by-shooting-taco-mich/80216246/
882096217,yes_this_describes_gun_violence,1,http://chicagoist.com/2015/10/05/_americas_mass_shooting_problem.php
882096124,yes_this_describes_gun_violence,0.5147,http://www.allenbwest.com/2015/06/obama-said-this-about-mass-shootings-proven-wrong-instantly/
882096462,yes_this_describes_gun_violence,0.5147,http://www.al.com/news/index.ssf/2016/02/police_officer_in_atlanta_subu.html
882096220,yes_this_describes_gun_violence,1,http://westhawaiitoday.com/news/local-news/police-investigate-2nd-fatal-officer-involved-shooting-less-week
882096221,yes_this_describes_gun_violence,1,http://jacksonville.com/news/crime/2016-02-11/story/jacksonville-man-shot-multiple-times-westside-robbery
882096222,yes_this_describes_gun_violence,1,http://www.11alive.com/story/news/nation-now/2015/12/03/term-mass-shooting-confuses-public-and-masks-phenomenon/76750646/
882096223,yes_this_describes_gun_violence,1,http://chicago.suntimes.com/crime/7/71/1319051/two-shot-death-gary
882096066,yes_this_describes_gun_violence,1,http://dailynorthwestern.com/2016/02/11/city/police-blotter-man-shot-wednesday-night-on-howard-street-after-traffic-altercation/
882096225,yes_this_describes_gun_violence,1,http://www.ktnv.com/news/2-shot-during-break-in-in-summerlin-gated-community
882096226,yes_this_describes_gun_violence,1,http://mashable.com/2015/07/26/gun-violence-american-epidemic/
882096227,yes_this_describes_gun_violence,1,https://www.washingtonpost.com/local/public-safety/dc-police-identify-man-fatally-shot-near-library-in-anacostia/2016/02/11/8cd119b4-d0da-11e5-b2bc-988409ee911b_story.html
882096228,yes_this_describes_gun_violence,1,http://www.cleveland.com/metro/index.ssf/2016/02/two_men_guilty_in_cleveland_mo.html
882096064,yes_this_describes_gun_violence,1,http://m.walb.com/walb/db/330714/content/m8FFqM5K
882096202,yes_this_describes_gun_violence,0.5217,http://talkingpointsmemo.com/livewire/wolf-blitzer-police-shoot-to-injure
882096062,yes_this_describes_gun_violence,1,http://gazette.com/planned-parenthood-shooting-was-351st-mass-shooting-in-2015/article/1564669
882096447,yes_this_describes_gun_violence,0.5232,http://www.11alive.com/videos/news/crime/2016/02/10/80215948/
882096233,yes_this_describes_gun_violence,1,http://www.nola.com/crime/index.ssf/2016/02/teen_shooting_victim_was_robbe.html
882096044,yes_this_describes_gun_violence,0.5032,http://www.insidebayarea.com/breaking-news/ci_29498337/oakland-man-hospitalized-after-shooting-olive-street
882096235,yes_this_describes_gun_violence,1,http://www.canberratimes.com.au/victoria/man-charged-over-fatal-geelong-shooting-20160211-gms29r.html
882096058,yes_this_describes_gun_violence,1,http://www.theawl.com/2012/03/americas-unchecked-gun-culture-killed-trayvon-martin
882096237,yes_this_describes_gun_violence,1,http://www.ksla.com/story/31188002/police-murder-suspect-turns-self-in-charged-with-2nd-degree-murder
882096238,yes_this_describes_gun_violence,1,http://www.chron.com/news/article/One-in-three-police-shootings-involve-unarmed-1651275.php
882096239,yes_this_describes_gun_violence,1,http://www.cbsnews.com/news/san-bernardino-shooting-ex-fbi-profiler-crime-expert-on-mass-shooting-is-unusual/
882096065,yes_this_describes_gun_violence,0.5232,http://www.computerworld.com/article/3013783/emerging-technology/technology-can-reduce-gun-violence.html
882096242,yes_this_describes_gun_violence,1,http://www.columbiatribune.com/news/crime/columbia-police-respond-to-disturbance-with-a-gun/article_194de825-d594-5fa5-822b-6965ac52827e.html
882096243,yes_this_describes_gun_violence,1,http://www.chron.com/communityblogs/atmosphere/article/12-facts-about-mass-shootings-in-the-US-4121608.php
882096244,yes_this_describes_gun_violence,1,http://abcnews.go.com/US/mass-shootings-us-increasingly-common-deadly/story?id=32663186
882096245,yes_this_describes_gun_violence,1,http://www.gainesville.com/article/20160210/ARTICLES/160219996/1150/news09?Title=Lake-City-teen-shot-injured-during-home-invasion
882095986,yes_this_describes_gun_violence,0.5032,http://gazette.com/suspect-in-shooting-near-school-has-previous-gun-convictions/article/feed/316078
882096247,yes_this_describes_gun_violence,0.5,http://freedomoutpost.com/2015/12/more-mass-shootings-mass-murders-occurred-under-hussein-obama-than-the-previous-4-presidents-combined/
882096248,yes_this_describes_gun_violence,1,http://news.discovery.com/history/mass-shootings-history-121220.htm
882096250,yes_this_describes_gun_violence,1,http://wonkette.com/594483/another-mass-shooting-in-america-what-the-hell-are-we-supposed-to-say
882096327,yes_this_describes_gun_violence,0.5063,http://www.broadstreethockey.com/2013/6/13/4427522/shooting-percentage-regression
882096254,yes_this_describes_gun_violence,1,http://www.abc6.com/story/31174775/police-id-officer-in-home-invasion-shooting
882096255,yes_this_describes_gun_violence,1,http://www.baltimoresun.com/news/maryland/crime/bs-md-ci-overnight-shootings-20151012-story.html
882096256,yes_this_describes_gun_violence,1,http://www.wsvn.com/story/31197209/police-shots-fired-near-miami-elementary-school
882096310,yes_this_describes_gun_violence,1,http://abcnews.go.com/ABC_Univision/Politics/chicagos-gun-violence-role-national-gun-debate/story?id=18365373
882096259,yes_this_describes_gun_violence,1,http://whtc.com/news/articles/2016/feb/11/classes-canceled-at-muskegon-heights-high-school-again-after-basketball-game-shooting/
882096192,yes_this_describes_gun_violence,0.527,http://www.amny.com/news/nyc-shootings-on-the-rise-1.9090365
882096261,yes_this_describes_gun_violence,1,http://gazette.com/latest-police-cop-shooting-suspect-may-also-have-been-shot/article/feed/315841
882096333,yes_this_describes_gun_violence,0.5063,http://www.csmonitor.com/USA/Justice/2016/0211/Chicago-officer-files-countersuit-in-fatal-shooting-A-precedent
882096263,yes_this_describes_gun_violence,1,http://www.cleveland.com/metro/index.ssf/2016/02/man_shot_with_pellet_gun_outsi.html
882096264,yes_this_describes_gun_violence,1,http://www.wafb.com/story/31195327/3-family-members-accused-of-shooting-at-2-people-in-a-car
882096284,yes_this_describes_gun_violence,0.5,http://goodmenproject.com/featured-content/six-things-americans-should-know-about-mass-shootings-wcz/
882096266,yes_this_describes_gun_violence,1,http://friscoblog.dallasnews.com/2013/12/frisco-gun-club-employee-injured-on-shooting-range.html/
882096055,yes_this_describes_gun_violence,1,http://www.baltimoresun.com/news/maryland/crime/bs-md-ci-womack-bgf-convicted-20160211-story.html
882096108,yes_this_describes_gun_violence,1,http://www.wect.com/story/31197673/shooting-in-chadbourn-sends-one-man-to-the-hospital
882096109,yes_this_describes_gun_violence,1,http://www.wlwt.com/news/middletown-pd-looking-for-mom-after-child-goes-missing/37918498
882096110,yes_this_describes_gun_violence,1,http://www.11alive.com/story/news/local/riverdale-jonesboro/2016/02/11/clayton-county-police-officer-shot/80230290/
882096271,yes_this_describes_gun_violence,1,http://www.ksla.com/story/31188612/sheriff-investigates-death-on-i-10-west-near-whiskey-bay
882096054,yes_this_describes_gun_violence,1,http://www.nola.com/crime/index.ssf/2016/02/one_dead_one_injured_in_separa.html#incart_river_home
882096111,yes_this_describes_gun_violence,1,http://www.dispatch.com/content/stories/local/2016/02/08/Statehouse-suicide.html
882096274,yes_this_describes_gun_violence,1,http://www.oregonlive.com/portland/index.ssf/2016/02/north_portland_educator_sees_p.html
882096112,yes_this_describes_gun_violence,1,http://www.vancouversun.com/news/delta+police+officer+originally+charged+with+murder+says+shot+when/11713996/story.html
882096346,yes_this_describes_gun_violence,0.5,http://enewspf.com/2016/02/11/chicago-woman-arrested-on-federal-weapons-charges-for-giving-a-loaded-gun-to-a-minor-for-use-in-a-murder/
882096114,yes_this_describes_gun_violence,1,http://townhall.com/news/politics-elections/2016/02/11/jurors-in-stairwell-shooting-trial-ask-to-see-firearm-guide-n2118168
882096115,yes_this_describes_gun_violence,1,http://www.alamogordonews.com/story/opinion/2016/02/10/lynch-forced-move-alamogordo-gun-sale-backfires/80192242/
882096279,yes_this_describes_gun_violence,1,http://www.11alive.com/story/news/crime/2016/02/11/arrest-made-after-decapitated-bodies-found-inside--home-daycare/80261248/
882096280,yes_this_describes_gun_violence,1,http://video.adelaidenow.com.au/v/435139/Stunning-behind-the-back-shot-by-Dustin-Brown
882096050,yes_this_describes_gun_violence,1,http://mashable.com/2015/12/02/reddit-shooting-tracker/
882096049,yes_this_describes_gun_violence,1,http://www.daily-chronicle.com/2015/12/27/niu-student-among-2-shot-killed-by-police/ankd46p/
882096283,yes_this_describes_gun_violence,1,http://patch.com/florida/southtampa/deadly-club-rayne-shooting-investigation-continues
882096182,yes_this_describes_gun_violence,0.5168,http://guardianlv.com/2014/10/school-shootings-and-gun-control/
882096117,yes_this_describes_gun_violence,1,http://www.businessinsider.com/how-many-americans-killed-with-guns-2012-7
882096118,yes_this_describes_gun_violence,1,http://www.cbsnews.com/news/obama-sets-up-gun-violence-task-force/
882096287,yes_this_describes_gun_violence,1,https://www.dnainfo.com/chicago/20160210/west-rogers-park/west-rogers-park-shooting-leaves-man-wounded-police-say
882096288,yes_this_describes_gun_violence,1,http://www.timesunion.com/local/article/Cops-press-probe-of-fatal-fire-at-Colonie-6820129.php
882096119,yes_this_describes_gun_violence,1,http://www.cnn.com/videos/us/2015/09/25/police-shoot-man-in-wheelchair-newday.cnn
882096454,yes_this_describes_gun_violence,0.5333,http://vitals.nbcnews.com/_news/2013/03/06/17213303-fewer-gun-deaths-in-states-with-most-gun-laws-study-finds?lite
882096095,yes_this_describes_gun_violence,1,http://gawker.com/5975136/high-school-shooting-suspect-compiled-hit-list-of-bullies
882096046,yes_this_describes_gun_violence,1,http://gawker.com/at-least-40-people-were-shot-this-weekend-in-chicago-1608089196
882096449,yes_this_describes_gun_violence,0.5168,http://www.gallup.com/poll/21496/Gun-Ownership-Higher-Among-Republicans-Than-Democrats.aspx
882096123,yes_this_describes_gun_violence,1,http://www.al.com/news/huntsville/index.ssf/2016/02/marion_county_courhouse_school.html
882096302,yes_this_describes_gun_violence,1,http://gcnewsgazette.com/news/2175/shooting-near-clarkson
882096303,yes_this_describes_gun_violence,1,http://www.rferl.org/content/russia-gun-laws-newtown-massacre/24804185.html
882096304,yes_this_describes_gun_violence,1,http://www.breitbart.com/big-government/2016/02/10/two-cops-murdered-in-maryland-ambush-shot-because-wearing-uniform/
882096305,yes_this_describes_gun_violence,1,http://www.dailymail.co.uk/news/article-3442934/New-York-police-officer-murdered-wife-son-set-house-fire-killed-family-home.html
882096306,yes_this_describes_gun_violence,1,http://www.presstelegram.com/general-news/20160210/3-injured-in-long-beach-shooting
882096433,yes_this_describes_gun_violence,0.5,http://timesofindia.indiatimes.com/city/ranchi/Murdered-schoolboy-rehearsed-with-girl-brother-reveals/articleshow/50948228.cms
882096308,yes_this_describes_gun_violence,1,http://www.cleveland.com/metro/index.ssf/2016/02/man_shot_burned_in_car_in_clev.html
882096309,yes_this_describes_gun_violence,1,http://valdostatoday.com/2015/12/arrest-made-in-cordele-shooting/
882096099,yes_this_describes_gun_violence,1,http://www.ky3.com/news/local/update-murder-charges-filed-in-shooting-death-in-fair-grove/21048998_37904762
882096093,yes_this_describes_gun_violence,1,http://www.kctv5.com/story/31178863/man-woman-found-shot-to-death-inside-kck-apartment
882096126,yes_this_describes_gun_violence,1,http://www.wave3.com/story/31188275/update-us-marshal-shoots-kills-armed-suspect
882096042,yes_this_describes_gun_violence,1,http://www.wral.com/police-man-shot-in-face-with-flare-gun-at-panera-bread/15342183/
882096355,yes_this_describes_gun_violence,0.5168,http://www.cleveland.com/opinion/index.ssf/2015/01/gun_violence_in_2014_scarred_n.html
882096315,yes_this_describes_gun_violence,1,http://www.nbcdfw.com/news/local/1-in-Hospital-After-Domestic-Violence-Shooting-368039121.html
882096128,yes_this_describes_gun_violence,1,http://www.nj.com/monmouth/index.ssf/2016/02/20-year-old_man_dies_after_neptune_twp_shooting_au.html#incart_river_index
882096129,yes_this_describes_gun_violence,1,http://www.bradenton.com/news/local/crime/article59812121.html
882096318,yes_this_describes_gun_violence,1,http://www.cbc.ca/news/world/mass-shootings-us-numbers-1.3349917
882096075,yes_this_describes_gun_violence,0.5,http://talkingpointsmemo.com/news/republicans-say-no-to-cdc-gun-violence-research
882096320,yes_this_describes_gun_violence,1,http://www.cnn.com/2015/08/27/health/u-s-most-mass-shootings/index.html
882096091,yes_this_describes_gun_violence,1,http://www.al.com/news/index.ssf/2016/02/at_scene_of_marion_county_shoo.html
882096322,yes_this_describes_gun_violence,1,http://news.asiaone.com/news/world/us-mayor-apologises-ambulance-bill-sent-family-boy-shot-police
882096088,yes_this_describes_gun_violence,1,http://www.chicagotribune.com/news/ct-police-shootings-met-0826-20140826-story.html
882096053,yes_this_describes_gun_violence,0.5185,http://timesofindia.indiatimes.com/entertainment/hindi/bollywood/news/Farah-Khan-Vishal-Bhardwajs-Cuckoo-moment-during-Rangoon-shoot/articleshow/50956240.cms
882096325,yes_this_describes_gun_violence,1,http://www.ksl.com/index.php?nid=157&sid=38468488&title=police-officer-dies-after-gun-battle-in-suburban-atlanta
882096326,yes_this_describes_gun_violence,1,http://www.wgrz.com/news/local/buffalo/man-taken-to-ecmc-after-shooting-on-grant-breckenridge-street/38348508
882096068,yes_this_describes_gun_violence,0.5,http://www.clarionledger.com/story/news/2015/03/10/gun-fight-legislature/24733835/
882096328,yes_this_describes_gun_violence,1,http://gawker.com/the-year-in-mass-shootings-1480354413
882096135,yes_this_describes_gun_violence,1,http://www.ksat.com/news/burglar-bars-delay-officers-entering-home-where-2-men-were-shot-1
882096330,yes_this_describes_gun_violence,1,http://www.witn.com/home/headlines/Homicide-investigation-underway-after-body-found-in--368426381.html
882096087,yes_this_describes_gun_violence,1,http://www.al.com/news/mobile/index.ssf/2016/02/victims_of_fat_tuesday_murders.html
882096039,yes_this_describes_gun_violence,1,http://www.al.com/news/birmingham/index.ssf/2016/02/woman_shot_in_head_in_birmingh.html#incart_story_package
882096137,yes_this_describes_gun_violence,1,http://www.reviewjournal.com/news/las-vegas/man-girl-critical-after-being-shot-west-las-vegas
882096334,yes_this_describes_gun_violence,1,http://ultimateclassicrock.com/paris-concert-crew-member-killed/
882096020,yes_this_describes_gun_violence,0.5364,http://www.courier-journal.com/story/opinion/contributors/2014/06/21/dangers-kids-guns/11108249/
882096336,yes_this_describes_gun_violence,1,http://www.wzzm13.com/news/local/grand-rapids-central/person-shot-in-grand-rapids-heritage-hill-neighborhood/38175425
882096337,yes_this_describes_gun_violence,1,http://www.mlive.com/news/grand-rapids/index.ssf/2016/02/grand_rapids_police_investigat_75.html?utm_source=feedburner&amp;utm_medium=feed&amp;utm_campaign=Feed%3A+grpress+%28The+Grand+Rapids+Press+Latest+News+%7C+MLive.com%29
882096338,yes_this_describes_gun_violence,1,http://newsinfo.inquirer.net/764176/ny-cop-found-guilty-in-2014-fatal-shooting-of-unarmed-black-man
882096339,yes_this_describes_gun_violence,1,http://www.sacbee.com/news/local/crime/article59300698.html
882096340,yes_this_describes_gun_violence,1,http://www.cleveland.com/metro/index.ssf/2016/02/police_shoot_man_attacking_peo.html
882096341,yes_this_describes_gun_violence,1,http://www.wgal.com/news/shots-fired-at-car-on-route-30-drivers-windows-shattered/37928630
882096342,yes_this_describes_gun_violence,1,http://www.wmcactionnews5.com/story/31191944/person-shot-during-robbery-at-memphis-inn
882096398,yes_this_describes_gun_violence,0.5364,http://www.nbcmiami.com/news/local/Central-Florida-HS-Student-Arrested-After-Gun-Found-in-Backpack-368292081.html
882096344,yes_this_describes_gun_violence,1,http://www.wkyc.com/news/local/cleveland/man-shot-while-reportedly-running-from-robber/36624753
882096345,yes_this_describes_gun_violence,1,http://thegrio.com/2016/02/10/sorry-note-found-next-to-shooting-victims-body-woman-arrested/
882096081,yes_this_describes_gun_violence,1,http://www.baltimoresun.com/news/maryland/harford/abingdon/bs-md-harford-shooting-thursday-20160211-story.html
882096347,yes_this_describes_gun_violence,1,http://thinkprogress.org/justice/2013/11/08/2915581/detroit-barber-shop-shooting/
882096348,yes_this_describes_gun_violence,1,http://boingboing.net/2015/12/02/20-or-more-shooting-victims-re.html
882096141,yes_this_describes_gun_violence,1,http://www.azcentral.com/story/news/local/phoenix/breaking/2016/02/10/police-arrest-father-brother-murder-suspect/80203996/?hootPostID=68d2d2fc6c9c7fe7de3caa5777897ddd
882096142,yes_this_describes_gun_violence,1,http://www.al.com/news/mobile/index.ssf/2016/02/2_killed_in_separate_homicides.html#incart_river_home
882096475,yes_this_describes_gun_violence,0.5185,http://vitals.nbcnews.com/_news/2013/02/27/17121033-let-us-study-gun-violence-physicians-beg-congress?lite
882096352,yes_this_describes_gun_violence,1,http://www.edition.cnn.com/2016/02/11/us/florida-hoverboard-shooting/index.html
882096353,yes_this_describes_gun_violence,1,http://archive.kare11.com/news/article/979464/0/Totally-innocent-victim-paralyzed-after-library-shooting
882096354,yes_this_describes_gun_violence,1,http://homicide.latimes.com/post/child-homicides/
882096036,yes_this_describes_gun_violence,1,http://www.inquisitr.com/2786501/gun-toting-florida-boy-loses-balance-on-hoverboard-accidentally-shoots-13-year-old-cousin-in-the-head/
882096356,yes_this_describes_gun_violence,1,http://www.wnd.com/2016/02/gun-owner-thwarts-stabbing-boss-boots-hero/
882095991,yes_this_describes_gun_violence,0.5116,http://www.kmov.com/story/31170719/police-searching-for-suspect-who-carjacked-man-near-south-co-apartment-complex
882096145,yes_this_describes_gun_violence,1,http://www.csmonitor.com/USA/2014/0526/Myrtle-Beach-shootings-tied-to-motorcycle-rally-video
882096359,yes_this_describes_gun_violence,1,http://abcnews.go.com/US/wireStory/son-gunman-killed-deputies-emotional-problems-36858027
882096146,yes_this_describes_gun_violence,1,http://www.ksat.com/news/man-found-shot-to-death-in-possible-homicide-on-east-side
882096361,yes_this_describes_gun_violence,1,http://knau.org/post/school-gun-violence-takes-center-stage-columbinus
882096026,yes_this_describes_gun_violence,0.5385,http://www.newschannel6now.com/story/31172832/shooting-on-holliday-street-leaves-one-man-in-the-hospital
882096034,yes_this_describes_gun_violence,1,http://www.toledoblade.com/Nation/2016/02/11/The-Latest-Police-dies-after-gun-battle-in-suburban-Atlanta.html
882096148,yes_this_describes_gun_violence,1,http://www.vice.com/read/meet-the-gay-libertarian-gun-nuts-1022
882096149,yes_this_describes_gun_violence,1,http://www.vcstar.com/news/local/oxnard/oxnard-police-investigate-reports-of-two-shooting-victims--2b607a2b-2e9e-1b52-e053-0100007fa749-368264111.html
882096150,yes_this_describes_gun_violence,1,http://socialistworker.org/2013/01/21/whats-behind-gun-violence
882096151,yes_this_describes_gun_violence,1,http://www.cbs46.com/story/31171574/walton-county-toddler-shoots-self-in-the-finger
882096368,yes_this_describes_gun_violence,1,http://www.boiseweekly.com/boise/how-much-could-obamas-gun-moves-affect-gun-violence/Content?oid=3689842
882096032,yes_this_describes_gun_violence,1,http://reason.com/blog/2016/02/11/cleveland-orders-family-of-12-year-old-c
882096370,yes_this_describes_gun_violence,1,http://thinkprogress.org/justice/2012/12/14/1337221/a-timeline-of-mass-shootings-in-the-us-since-columbine/
882096371,yes_this_describes_gun_violence,1,http://m.ajc.com/news/news/crime-law/shots-fired-behind-uga-health-sciences-campus/nqM9y/
882096152,yes_this_describes_gun_violence,1,http://www.lex18.com/story/31163852/police-investigating-shots-fired-outside-lexington-gentlemens-club
882096104,yes_this_describes_gun_violence,0.5385,http://www.dailynews.com/general-news/20151019/woman-killed-in-canyon-country-crash-is-identified
882096029,yes_this_describes_gun_violence,1,http://www.cbsnews.com/news/charleston-shooting-historic-black-church-dylann-storm-roof-south-carolina/
882096375,yes_this_describes_gun_violence,1,http://www.nola.com/crime/index.ssf/2016/02/two_hit_by_one_bullet_in_st_ch.html#incart_river_home
882096154,yes_this_describes_gun_violence,1,http://www.springfieldnewssun.com/news/news/crime-law/shots-exchanged-during-attempted-home-break-in/nqLch/
882096028,yes_this_describes_gun_violence,1,http://www.ksla.com/story/31188292/police-seeking-information-after-shooting-leaves-man-in-critical-condition
882096423,yes_this_describes_gun_violence,0.5385,http://abcnews.go.com/International/australia-model-successful-gun-control-laws/story?id=18007055
882096131,yes_this_describes_gun_violence,0.5,http://hosted.ap.org/dynamic/stories/U/US_STAIRWELL_SHOOTING_TRIAL?SITE=WIJAN&SECTION=HOME&TEMPLATE=DEFAULT
882096460,yes_this_describes_gun_violence,0.5385,http://usatoday30.usatoday.com/money/companies/management/2004-12-09-guns-cover_x.htm
882096107,yes_this_describes_gun_violence,0.5385,http://www.pe.com/articles/gun-790763-people-templeton.html
882096382,yes_this_describes_gun_violence,1,http://www.wlox.com/story/31195286/fargo-police-say-officer-shot-during-standoff-wont-survive
882096159,yes_this_describes_gun_violence,1,http://wistv.com/story/31109973/coroner-identifies-victim-in-fatal-timmonsville-shooting
882096367,yes_this_describes_gun_violence,0.5147,http://blog.timesunion.com/capitol/archives/246066/nyers-against-gun-violence-waste-no-time-in-hitting-gibson/
882096385,yes_this_describes_gun_violence,1,http://www.pe.com/articles/shootings-794013-passenger-vasquez.html
882096161,yes_this_describes_gun_violence,1,http://www.ksla.com/story/31197248/nopd-reports-two-wednesday-night-carjackings
882096387,yes_this_describes_gun_violence,1,http://www.cleveland.com/metro/index.ssf/2016/02/cleveland_denies_tamir_rice_cl.html
882096388,yes_this_describes_gun_violence,1,http://www.wtva.com/news/Man_charged_with_murder_in_death_of_Tupelo_man.html
882096389,yes_this_describes_gun_violence,1,http://www.dailymail.co.uk/news/article-3443451/Ohio-police-kill-man-say-attacked-people-machete.html
882096390,yes_this_describes_gun_violence,1,http://patch.com/maryland/crofton/dangerous-cold-coming-pedestrian-killed-2-deputies-identified-fatal-shootings-news-nearby
882095995,yes_this_describes_gun_violence,0.5385,http://thesource.com/2016/02/11/former-nfl-wide-receiver-josh-morgan-accidently-shoots-himself-while-cleaning-gun/
882096392,yes_this_describes_gun_violence,1,http://www.baltimoresun.com/news/maryland/crime/bs-md-ci-shooting-20160209-story.html
882096200,yes_this_describes_gun_violence,0.5385,http://www.mlive.com/news/muskegon/index.ssf/2016/02/1_charged_in_connection_with_o.html#incart_river_home
882096394,yes_this_describes_gun_violence,1,http://kcur.org/post/kansas-city-looks-answers-after-drive-shootings-claim-lives-kids
882096395,yes_this_describes_gun_violence,1,http://www.wcnc.com/story/news/crime/2016/02/09/student-found-weapon-myers-park-hs-campus/80086486/
882096396,yes_this_describes_gun_violence,1,http://www.turnto23.com/news/local-news/car-to-car-shooting-in-burbank-leaves-one-injured
882096025,yes_this_describes_gun_violence,1,http://www.businessinsider.com/2015-mass-shootings-chart-2015-12
882096399,yes_this_describes_gun_violence,1,http://guardianlv.com/2014/10/school-shootings-and-gun-control/
882096332,yes_this_describes_gun_violence,0.5385,http://savannahnow.com/latest-news/2016-02-11/police-arrest-man-january-googe-street-shooting
882096165,yes_this_describes_gun_violence,1,http://www.12news.com/news/local/valley/surprise-police-investigating-two-womens-deaths/39189042
882096272,yes_this_describes_gun_violence,0.5417,http://www.nbclosangeles.com/news/local/Officer-Injured-Pursuit-Weapon-Accidentally-Discharges-368300361.html
882096403,yes_this_describes_gun_violence,1,http://www.oregonlive.com/portland/index.ssf/2016/02/police_investigate_drive-by_sh_3.html
882095988,yes_this_describes_gun_violence,0.5417,http://shanghaiist.com/2013/02/26/buying_guns_online_in_china_is_easy.php
882096022,yes_this_describes_gun_violence,1,https://www.dnainfo.com/chicago/20160211/humboldt-park/girl-16-shot-west-humboldt-park-police
882096168,yes_this_describes_gun_violence,1,http://www.lex18.com/story/31163721/lexington-police-investigate-shots-fired
882096448,yes_this_describes_gun_violence,0.5437,http://www.12news.com/news/local/valley/former-priest-will-fight-exteradition-on-murder-charge/40534517
882096021,yes_this_describes_gun_violence,1,http://nysepost.com/sheriff-shares-more-details-of-fatal-shootings-122525
882096409,yes_this_describes_gun_violence,1,http://www.breitbart.com/big-government/2015/01/04/16-shot-since-new-years-day-in-chicago/
882096410,yes_this_describes_gun_violence,1,http://www.ksla.com/story/31173047/man-wounded-after-shreveport-house-shot-more-than-2-dozen-times
882096018,yes_this_describes_gun_violence,1,http://www.cosmopolitan.com/politics/news/a52008/bunny-friend-mass-shooting/
882096412,yes_this_describes_gun_violence,1,http://www.reviewjournal.com/news/las-vegas/person-hospitalized-after-shooting-las-vegas-gun-range
882096413,yes_this_describes_gun_violence,1,http://www.al.com/news/huntsville/index.ssf/2016/02/texas_police_shoot_kill_naked.html
882096170,yes_this_describes_gun_violence,1,http://www.ajc.com/news/news/national/reports-active-shooter-reported-calif-golf-course/npbBw/
882096415,yes_this_describes_gun_violence,1,http://www.ledger-enquirer.com/news/local/crime/article59100968.html
882096181,yes_this_describes_gun_violence,0.5,http://www.salon.com/2013/01/14/the_nra_once_supported_gun_control/
882096417,yes_this_describes_gun_violence,1,http://thesource.com/2016/02/11/former-nfl-wide-receiver-josh-morgan-accidently-shoots-himself-while-cleaning-gun/
882096090,yes_this_describes_gun_violence,0.5437,http://www.nbcmiami.com/news/local/2-Men-Shot-in-Northwest-Miami-Dade-Police-368220401.html
882096017,yes_this_describes_gun_violence,1,http://www.wmcactionnews5.com/story/31181903/suspected-drug-dealer-charged-after-firing-shots-near-detectives
882096173,yes_this_describes_gun_violence,1,http://www.dailynews.com/general-news/20160211/25000-reward-for-compton-baby-killers-arrest
882096421,yes_this_describes_gun_violence,1,http://www.chron.com/houston/article/Deadly-shooting-in-Third-Ward-6320674.php
882096422,yes_this_describes_gun_violence,1,http://m.wcvb.com/news/police-investigate-suspicious-death-of-elderly-man-in-wareham/37925152
882096174,yes_this_describes_gun_violence,1,http://www.cjbk.com/NationalCP/article.aspx?id=499529
882096424,yes_this_describes_gun_violence,1,http://crimeblog.dallasnews.com/2016/02/teenage-carjacking-suspect-arrested-after-manhunt-in-south-dallas.html/
882096425,yes_this_describes_gun_violence,1,http://www.csmonitor.com/USA/Justice/2015/1214/2015-US-mass-shootings-The-sky-is-not-falling
882096426,yes_this_describes_gun_violence,1,http://patch.com/maryland/belair/sheriff-identifies-2-deputies-killed-line-duty
882096175,yes_this_describes_gun_violence,1,http://chicago.suntimes.com/news/7/71/1319575/43-year-old-man-shot-east-garfield-park
882096076,yes_this_describes_gun_violence,1,http://www.commercialappeal.com/news/crime/another-killed-30th-victim-of-year-2b861d25-c02a-64ce-e053-0100007ff4f8-368527861.html
882096429,yes_this_describes_gun_violence,1,http://www.ktuu.com/news/news/kenai-police-man-with-rifle-goes-to-apartment-shoots-at-resident-monday/37923226
882096430,yes_this_describes_gun_violence,1,http://www.chicagotribune.com/news/nationworld/midwest/ct-milwaukee-shooting-plot-20160128-story.html
882096485,yes_this_describes_gun_violence,0.5469,http://timesofindia.indiatimes.com/india/2002-hit-and-run-case-Victims-kin-question-Salman-Khans-acquittal/articleshow/50938261.cms
882096432,yes_this_describes_gun_violence,1,http://www.ktuu.com/news/news/fatal-officerinvolved-shooting-reported-in-barrow-says-borough-spokesman/37925150
882096282,yes_this_describes_gun_violence,0.56,http://www.azcentral.com/story/sports/nfl/2016/02/11/josh-morgan-gun/80223146/
882096179,yes_this_describes_gun_violence,1,http://video.adelaidenow.com.au/v/435240/Man-charged-over-Perth-shooting
882096435,yes_this_describes_gun_violence,1,http://www.cnn.com/2016/02/11/us/nypd-officer-trial/index.html
882096155,yes_this_describes_gun_violence,0.56,http://arstechnica.com/tech-policy/2015/09/dad-im-shot-man-with-phone-camera-shot-by-police-on-his-own-property/
882096437,yes_this_describes_gun_violence,1,http://www.businessinsider.com/you-dont-hear-about-most-mass-shootings-2015-7
882096438,yes_this_describes_gun_violence,1,http://www.cincinnati.com/story/news/2016/02/11/ex-uc-officers-murder-trial-set-oct-24/80224910/?hootPostID=69c2d7b3d984851768dbce29d51f989f
882096439,yes_this_describes_gun_violence,1,http://www.whas11.com/story/news/crime/2016/02/10/25k-reward-offered-shooting-mail-carrier/80203652/
882096440,yes_this_describes_gun_violence,1,http://usatoday30.usatoday.com/news/nation/story/2012-07-20/colorado-shooting-victims/56371378/1
882096074,yes_this_describes_gun_violence,1,http://www.wave3.com/story/31168517/police-burglary-suspect-fired-at-gun-at-neighbors-home
882096072,yes_this_describes_gun_violence,1,http://newsok.com/the-latest-police-dies-after-gun-battle-in-suburban-atlanta/article/feed/965503
882096443,yes_this_describes_gun_violence,1,http://journalstar.com/news/local/911/critical-after-shootings-in-southwest-lincoln/article_a9860aea-c63e-5852-9c0e-d3d5acc55d8a.html
882096183,yes_this_describes_gun_violence,1,http://www.nbcwashington.com/news/local/Police-Investigate-Shooting-Incident-at-Reston-Hospital-Center-368287401.html?_osource=SocialFlowTwt_DCBrand
882096445,yes_this_describes_gun_violence,1,http://starcasm.net/archives/335926
882096446,yes_this_describes_gun_violence,1,http://www.cbsnews.com/news/charleston-shooting-victims-include-brilliant-pastor-recent-college-grad/
882096013,yes_this_describes_gun_violence,1,http://blog.sfgate.com/opinionshop/2016/02/11/our-daily-mass-shootings/
882096184,yes_this_describes_gun_violence,1,http://news.vanderbilt.edu/2015/01/james-holmes-mass-shooting-trial/
882096010,yes_this_describes_gun_violence,1,http://freebeacon.com/issues/media-push-activists-count-of-mass-shootings/
882096450,yes_this_describes_gun_violence,1,http://bilbaoya.com/2016/02/12/nyc-police-officers-wounded-in-public-housing-shooting.html
882096009,yes_this_describes_gun_violence,1,http://www.nwitimes.com/news/crime-and-court/year-old-shot-after-son-mistakes-him-for-intruder/article_82d085f1-5dbc-58ae-a860-e6e0c1602f95.html
882096452,yes_this_describes_gun_violence,1,http://www.baltimoresun.com/news/maryland/harford/abingdon/bs-md-harford-suspect-ex-wife-20160211-story.html
882096453,yes_this_describes_gun_violence,1,http://mynorthwest.com/11/2911889/Alleged-Jungle-shooters-plead-not-guilty-to-murder-charges
882096360,yes_this_describes_gun_violence,0.56,http://news.sciencemag.org/2013/01/obama-lifts-ban-funding-gun-violence-research
882096190,yes_this_describes_gun_violence,1,http://gazette.com/colorado-springs-police-investigate-overnight-shooting/article/1569609
882096456,yes_this_describes_gun_violence,1,http://www.ksat.com/news/man-shot-in-shoulder-on-east-side
882096457,yes_this_describes_gun_violence,1,http://chronicle.augusta.com/news/crime-courts/2016-02-10/richmond-county-deputy-shoots-car-during-chase-driver-escapes?v=1455133441
882096191,yes_this_describes_gun_violence,1,http://www.cleveland.com/metro/index.ssf/2016/02/man_shot_with_pellet_gun_outsi.html
882096459,yes_this_describes_gun_violence,1,http://www.wcax.com/story/31182582/police-investigate-gun-incident-at-barre-dunkin-donuts
882096071,yes_this_describes_gun_violence,1,http://www.chron.com/news/houston-texas/article/2-shot-in-suspected-murder-suicide-6088219.php
882096193,yes_this_describes_gun_violence,1,http://www.dailypress.com/news/crime/dp-hampton-police-investigating-shooting-20150413-story.html
882096194,yes_this_describes_gun_violence,1,http://www.baltimoresun.com/news/maryland/crime/bs-md-co-double-shooting-20160210-story.html
882096463,yes_this_describes_gun_violence,1,http://www.9news.com/story/news/crime/2015/05/30/windsor-shootings-john-jacoby-i-25/28239999/
882096004,yes_this_describes_gun_violence,1,http://krcgtv.com/news/local/man-was-shot-in-arm-columbia-detectives-investigating
882096465,yes_this_describes_gun_violence,1,http://www.fresnobee.com/news/local/crime/article59548591.html
882096466,yes_this_describes_gun_violence,1,http://www.delawareonline.com/picture-gallery/news/crime/2016/01/11/shooting-in-wilmingtons-browntown-section/78660168/
882096467,yes_this_describes_gun_violence,1,http://blogs.plos.org/publichealth/2013/07/25/the-gun-violence-epidemic/
882096468,yes_this_describes_gun_violence,1,http://newsok.com/latest-police-suspect-in-shooting-of-fargo-cop-identified/article/feed/965119
882096369,yes_this_describes_gun_violence,0.5147,http://watchdog.org/164758/vermont-gun-control/
882096470,yes_this_describes_gun_violence,1,http://www.coloradoan.com/story/news/2015/06/04/northern-colorado-shootings-serial-incidents/28480289/
882096003,yes_this_describes_gun_violence,1,http://www.12news.com/story/news/2016/02/08/dps-bullet-holes-vehicle-east-valley/79999760/
882096472,yes_this_describes_gun_violence,1,http://www.americanthinker.com/blog/2015/10/chicago_has_had_16_mass_shootings_so_far_this_year_with_no_presidential_notice.html
882096196,yes_this_describes_gun_violence,1,http://www.newzimbabwe.com/news-27666-Gun+row+dominates+at+Kereke+rape+trial/news.aspx
882096121,yes_this_describes_gun_violence,0.5,http://www.chicagotribune.com/news/opinion/commentary/ct-responsible-gun-owner-who-destroyed-my-gun-20151019-story.html
882096163,yes_this_describes_gun_violence,0.5147,http://www.azcentral.com/story/news/local/phoenix/2014/07/06/phoenix-murder-statistics-young-victims/12274751/
882096476,yes_this_describes_gun_violence,1,http://jacksonville.com/news/politics/2014-09-20/story/both-sides-gun-control-issue-prepare-legislative-battles
882096199,yes_this_describes_gun_violence,1,http://www.13wmaz.com/story/news/local/milledgeville/2015/08/17/two-drive--shootings--milledgeville/31844603/
882096478,yes_this_describes_gun_violence,1,http://www.wmcactionnews5.com/story/31190007/mpd-man-shot-killed-on-nelson-ave-suspect-in-custody
882096479,yes_this_describes_gun_violence,1,http://www.capitalgazette.com/ph-ag-box-hill-reaction-deputies-0212-20160211-story.html
882096491,yes_this_describes_gun_violence,0.56,http://www.cnn.com/2015/12/31/opinions/vox-nba-nfl-gun-violence/index.html
882096001,yes_this_describes_gun_violence,1,http://onlineathens.com/mobile/2015-08-25/three-shot-oglethorpe-county-rampage
882096482,yes_this_describes_gun_violence,1,http://www.macon.com/news/local/crime/article59544286.html
882096281,yes_this_describes_gun_violence,0.5,http://mashable.com/2015/06/02/punt-gun/
882096484,yes_this_describes_gun_violence,1,http://www.insidebayarea.com/breaking-news/ci_29495529/oakland-man-shot-during-robbery-two-suspects-wanted
882096000,yes_this_describes_gun_violence,1,http://dailyranger.com/story.php?story_id=21773
882096069,yes_this_describes_gun_violence,1,http://www.dallasvoice.com/trans-woman-murdered-tyler-10188819.html
882095998,yes_this_describes_gun_violence,1,http://www.bradenton.com/news/local/crime/article59518924.html
882095997,yes_this_describes_gun_violence,1,http://www.cnn.com/2013/09/16/us/rampage-killings-fast-facts/index.html
882095996,yes_this_describes_gun_violence,1,http://www.ksat.com/news/sapd-man-accidentally-shot-himself-with-stolen-gun
882096490,yes_this_describes_gun_violence,1,http://www.livescience.com/43985-gun-names-rise-popularity.html
882095994,yes_this_describes_gun_violence,1,http://www.wmcactionnews5.com/story/31176458/man-charged-with-attacking-police-officers-assisting-shooting-victim
882096492,yes_this_describes_gun_violence,1,http://leadercall.com/2016/02/roseville-officers-fatally-shoot-man-who-stabbed-police-dog/
882095993,yes_this_describes_gun_violence,1,http://www.channel3000.com/news/man-accused-in-milwaukee-mass-shooting-plot-to-be-arraigned/37896662
882096494,yes_this_describes_gun_violence,1,https://www.dnainfo.com/chicago/20160211/austin/austin-shooting-during-robbery-seriously-wounds-26-year-old-man-police-say
882096495,yes_this_describes_gun_violence,1,http://www.citylab.com/crime/2012/12/geography-gun-violence-cities-versus-metros/4044/
882096203,yes_this_describes_gun_violence,1,http://www.mininggazette.com/page/content.detail/id/1053281/Suspect-in-shooting-near-school-has-previous-gun-convictions.html?isap=1&nav=5014
882096497,yes_this_describes_gun_violence,1,http://www.theoaklandpress.com/general-news/20160211/fired-gm-technical-center-valet-who-pulled-gun-on-stabber-gets-job-back
882096098,yes_this_describes_gun_violence,1,http://www.amny.com/news/firefighter-shot-in-mariners-harbor-staten-island-1.10738867
882096204,yes_this_describes_gun_violence,1,http://www.abc17news.com/news/man-with-apparent-ties-to-columbia-gang-arrested/37939496
882096205,yes_this_describes_gun_violence,1,http://www.azcentral.com/story/news/local/surprise/2016/02/11/police-find-surprise-murder-victims-vehicle-phoenix-apartment-complex/80248756/
882096100,yes_this_describes_gun_violence,1,http://www.ajc.com/news/news/crime-law/riverdale-police-officer-shot-in-clayton-county/nqNdW/
882095989,yes_this_describes_gun_violence,1,http://www.columbian.com/news/2015/dec/02/san-bernardino-shooting/
882096176,yes_this_describes_gun_violence,0.56,http://thinkprogress.org/justice/2015/07/24/3684114/louisiana-lax-gun-laws/
882096101,yes_this_describes_gun_violence,1,http://www.sltrib.com/home/3519761-155/shooting-reported-in-roy
882096207,yes_this_describes_gun_violence,1,http://www.chicagotribune.com/news/nationworld/ct-witness-maryland-officers-shooting-20160211-story.html
882096208,yes_this_describes_gun_violence,1,http://starlocalmedia.com/mesquitenews/news/north-mesquite-grad-murdered-in-san-marcos/article_1adf293e-d0cd-11e5-a295-b3844e9fda81.html
882096103,yes_this_describes_gun_violence,1,http://theboombox.com/young-pappy-shot-killed-in-chicago/
882096097,yes_this_describes_gun_violence,1,http://onlineathens.com/national-news/2014-05-24/suspect-california-rampage-blamed-aloof-women
882095984,yes_this_describes_gun_violence,1,http://www.palmbeachpost.com/news/news/crime-law/police-14-year-old-shot-in-riviera-beach-near-high/nqMXz/